Order ID,Returned
DE-2023-100762,Yes
ES-2023-100867,Yes
FR-2023-102652,Yes
UK-2023-103373,Yes
ES-2023-103744,Yes
DE-2023-103940,Yes
UK-2023-104829,Yes
FR-2023-105270,Yes
DE-2023-108609,Yes
DE-2023-108861,Yes
IT-2023-109918,Yes
AT-2023-110786,Yes
AT-2023-111871,Yes
FR-2023-116785,Yes
ES-2023-123225,Yes
FR-2023-123253,Yes
DE-2023-123498,Yes
SE-2023-124688,Yes
UK-2023-126361,Yes
IT-2023-126403,Yes
FR-2023-126522,Yes
DE-2023-127012,Yes
DE-2023-127131,Yes
DE-2023-133690,Yes
DE-2023-134726,Yes
DE-2023-135657,Yes
AT-2023-135699,Yes
FR-2023-140816,Yes
IT-2023-141726,Yes
DE-2023-142769,Yes
AT-2023-143336,Yes
IT-2023-143840,Yes
FR-2023-148614,Yes
ES-2023-148950,Yes
DE-2023-151162,Yes
UK-2023-152345,Yes
DE-2023-153150,Yes
FR-2023-156349,Yes
FR-2023-157924,Yes
FR-2023-159338,Yes
UK-2023-160766,Yes
DE-2023-160773,Yes
IT-2023-164721,Yes
UK-2023-164861,Yes
FR-2023-166744,Yes
IT-2023-169019,Yes
FR-2024-101910,Yes
AT-2024-103716,Yes
FR-2024-104129,Yes
DE-2024-105158,Yes
DE-2024-107678,Yes
AT-2024-109736,Yes
UK-2024-110814,Yes
FR-2024-111948,Yes
ES-2024-112144,Yes
DE-2024-113628,Yes
DE-2024-114048,Yes
FR-2024-116092,Yes
FR-2024-119214,Yes
DE-2024-119907,Yes
UK-2024-123568,Yes
DE-2024-124058,Yes
AT-2024-130456,Yes
IT-2024-130785,Yes
ES-2024-132374,Yes
FR-2024-132941,Yes
UK-2024-134075,Yes
NO-2024-134201,Yes
FR-2024-135580,Yes
DE-2024-138674,Yes
FR-2024-139731,Yes
UK-2024-140984,Yes
FR-2024-141593,Yes
FR-2024-142601,Yes
FR-2024-143238,Yes
IT-2024-143490,Yes
FR-2024-143602,Yes
AT-2024-144267,Yes
IT-2024-146255,Yes
UK-2024-146262,Yes
DE-2024-146486,Yes
CH-2024-148873,Yes
DE-2024-149342,Yes
FR-2024-149636,Yes
DE-2024-149650,Yes
AT-2024-150770,Yes
FR-2024-150875,Yes
DE-2024-151547,Yes
FR-2024-153220,Yes
DE-2024-154970,Yes
DE-2024-155761,Yes
IT-2024-156440,Yes
DE-2024-157770,Yes
DE-2024-157812,Yes
FR-2024-161627,Yes
FR-2024-162166,Yes
FR-2024-164882,Yes
FR-2024-168480,Yes
AT-2024-168564,Yes
FR-2024-169397,Yes
FR-2025-104689,Yes
DE-2025-105081,Yes
IT-2025-105291,Yes
UK-2025-105585,Yes
UK-2025-106950,Yes
FR-2025-109806,Yes
FR-2025-109869,Yes
DE-2025-111682,Yes
IT-2025-112123,Yes
FR-2025-112340,Yes
FR-2025-113341,Yes
FR-2025-114307,Yes
DE-2025-114727,Yes
DE-2025-115917,Yes
DE-2025-116547,Yes
DE-2025-116736,Yes
AT-2025-118311,Yes
AT-2025-118500,Yes
DE-2025-118899,Yes
CH-2025-120873,Yes
DE-2025-123526,Yes
UK-2025-124527,Yes
DE-2025-126529,Yes
FR-2025-126732,Yes
DE-2025-128671,Yes
FR-2025-130477,Yes
FR-2025-130638,Yes
IT-2025-130680,Yes
UK-2025-133319,Yes
ES-2025-133368,Yes
NL-2025-133802,Yes
AT-2025-134775,Yes
FR-2025-134803,Yes
DE-2025-136483,Yes
UK-2025-136924,Yes
FR-2025-138282,Yes
DE-2025-139269,Yes
FR-2025-142398,Yes
UK-2025-145261,Yes
FR-2025-145492,Yes
UK-2025-145583,Yes
FR-2025-145919,Yes
DE-2025-145982,Yes
ES-2025-147375,Yes
FR-2025-148796,Yes
FR-2025-150077,Yes
DE-2025-151323,Yes
IT-2025-151372,Yes
DE-2025-152814,Yes
DE-2025-157280,Yes
FR-2025-159023,Yes
DE-2025-159212,Yes
IT-2025-159345,Yes
FR-2025-161746,Yes
FR-2025-162138,Yes
DE-2025-162159,Yes
ES-2025-165330,Yes
AT-2025-166275,Yes
IT-2025-167759,Yes
FR-2025-168921,Yes
UK-2026-100111,Yes
DE-2026-101273,Yes
FR-2026-101574,Yes
FR-2026-101700,Yes
DE-2026-101805,Yes
ES-2026-102519,Yes
FR-2026-103380,Yes
ES-2026-107825,Yes
UK-2026-108294,Yes
UK-2026-108931,Yes
IE-2026-109085,Yes
UK-2026-111556,Yes
AT-2026-112725,Yes
FR-2026-112753,Yes
ES-2026-112865,Yes
FR-2026-113670,Yes
FR-2026-115427,Yes
DE-2026-115994,Yes
FR-2026-117212,Yes
FR-2026-117513,Yes
AT-2026-117926,Yes
DE-2026-118122,Yes
FR-2026-118542,Yes
FR-2026-119284,Yes
DE-2026-121258,Yes
FR-2026-121853,Yes
FR-2026-122007,Yes
IT-2026-122504,Yes
FR-2026-123085,Yes
AT-2026-123491,Yes
FR-2026-124401,Yes
UK-2026-127306,Yes
FR-2026-128965,Yes
FR-2026-129707,Yes
AT-2026-130631,Yes
AT-2026-131492,Yes
IT-2026-131618,Yes
UK-2026-131807,Yes
DE-2026-131828,Yes
IT-2026-132346,Yes
DE-2026-134194,Yes
FR-2026-135692,Yes
AT-2026-136308,Yes
IT-2026-136539,Yes
FR-2026-136651,Yes
FR-2026-137085,Yes
FR-2026-137099,Yes
AT-2026-137414,Yes
DE-2026-137428,Yes
NL-2026-138163,Yes
FR-2026-140053,Yes
DE-2026-140151,Yes
FR-2026-140186,Yes
UK-2026-140585,Yes
FR-2026-140963,Yes
FR-2026-141929,Yes
AT-2026-142328,Yes
FR-2026-142342,Yes
DE-2026-142867,Yes
FR-2026-142888,Yes
FR-2026-143084,Yes
CH-2026-144064,Yes
DE-2026-145128,Yes
FR-2026-145772,Yes
DE-2026-147452,Yes
FR-2026-150609,Yes
DE-2026-150910,Yes
ES-2026-152660,Yes
FR-2026-153822,Yes
FR-2026-154074,Yes
IE-2026-154214,Yes
DE-2026-154949,Yes
FR-2026-155712,Yes
UK-2026-156391,Yes
DE-2026-156958,Yes
IT-2026-157196,Yes
NO-2026-158729,Yes
UK-2026-159954,Yes
ES-2026-161459,Yes
DE-2026-161557,Yes
ES-2026-161956,Yes
FR-2026-162015,Yes
UK-2026-165008,Yes
DE-2026-165491,Yes
IT-2026-166093,Yes
ES-2026-166142,Yes
FR-2026-166898,Yes
FR-2026-167003,Yes
IT-2026-167395,Yes
UK-2026-168193,Yes
FR-2026-169327,Yes
IT-2026-169859,Yes
IT-2026-169894,Yes
DE-2023-105137,Yes
ES-2023-138758,Yes
ES-2023-140452,Yes
DE-2023-143287,Yes
DE-2023-150574,Yes
AT-2023-164406,Yes
CH-2023-164763,Yes
FR-2024-110569,Yes
DE-2024-126214,Yes
FR-2024-128090,Yes
DE-2024-136749,Yes
FR-2024-136987,Yes
DE-2024-137008,Yes
UK-2024-160857,Yes
FR-2025-105578,Yes
AT-2025-108455,Yes
FR-2025-111528,Yes
FR-2025-114230,Yes
DE-2025-114293,Yes
DE-2025-115952,Yes
DE-2025-119046,Yes
UK-2025-127425,Yes
DE-2025-131149,Yes
FR-2025-135720,Yes
DE-2025-140172,Yes
ES-2025-144057,Yes
FR-2025-148957,Yes
ES-2025-151827,Yes
FI-2025-152051,Yes
UK-2025-156986,Yes
FR-2025-157490,Yes
UK-2026-103247,Yes
AT-2026-103828,Yes
ES-2026-105046,Yes
DE-2026-107888,Yes
DE-2026-109253,Yes
ES-2026-118087,Yes
FR-2026-123834,Yes
AT-2026-136679,Yes
FR-2026-147886,Yes
UK-2026-147998,Yes
FR-2026-151127,Yes
IT-2026-155999,Yes
